statefp,state,maptype,districts,county_splits,efficiency_gap,efficiency_gap_extra_seats,district_perimeters,state_perimeter,interior_perimeter_measure,compactness_rank
02,AK,Compact,1,0,,,,,,
02,AK,Competitive,1,0,,,,,,
02,AK,Dem,1,0,,,,,,
02,AK,GOP,1,0,,,,,,
02,AK,MajMin,1,0,,,,,,
02,AK,Proportional,1,0,,,,,,
02,AK,algorithmic-compact,1,0,,,,,,
02,AK,current,1,0,,,,,,
01,AL,Compact,7,5,-0.05672632011955167,D+0,55.39690605463473,18.9856138628614,18.205646095886664,1
01,AL,Competitive,7,12,-0.05699569509355648,D+0,73.89599711857079,18.9856138628614,27.455191627854695,6
01,AL,Dem,7,8,-0.04399299000391407,D+0,71.83942762011439,18.9856138628614,26.426906878626497,3
01,AL,GOP,7,8,0.09669504082710331,R+1,79.91390598364093,18.9856138628614,30.464146060389766,7
01,AL,MajMin,7,8,-0.04399299000391407,D+0,71.83942762011439,18.9856138628614,26.426906878626497,3
01,AL,Proportional,7,8,-0.04399299000391407,D+0,71.83942762011439,18.9856138628614,26.426906878626497,3
01,AL,algorithmic-compact,7,34,0.16917994452562082,R+1,57.964160459530774,18.9856138628614,19.489273298334687,2
01,AL,current,7,8,0.09669504082710331,R+1,79.91390598364093,18.9856138628614,30.464146060389766,7
05,AR,Compact,4,3,0.235613491920536,R+1,44.59385925398951,21.8590555111018,11.367401871443853,1
05,AR,Competitive,4,0,-0.01827122242192808,D+0,48.184547043093445,21.8590555111018,13.162745765995822,2
05,AR,Dem,4,5,0.0007474065957177763,R+0,49.12932939730764,21.8590555111018,13.635136943102921,4
05,AR,GOP,4,5,0.23561322506147947,R+1,57.75936893376385,21.8590555111018,17.950156711331026,6
05,AR,MajMin,4,28,0.008444135020374985,R+0,103.49248588719004,21.8590555111018,40.81671518804412,8
05,AR,Proportional,4,5,0.0007474065957177763,R+0,49.12932939730764,21.8590555111018,13.635136943102921,4
05,AR,algorithmic-compact,4,21,0.23561110094768375,R+1,48.49551009243392,21.8590555111018,13.318227290666059,3
05,AR,current,4,5,0.23561322506147947,R+1,57.75936893376385,21.8590555111018,17.950156711331026,6
04,AZ,Compact,9,8,0.1914594878495574,R+2,69.22074660387733,23.841907647549,22.689419478164165,1
04,AZ,Competitive,9,13,-0.11270184383778824,D+1,85.61487693596544,23.841907647549,30.88648464420822,5
04,AZ,Dem,9,16,-0.06125013916081193,D+1,86.89861384461882,23.841907647549,31.52835309853491,7
04,AZ,GOP,9,10,0.28446669117975043,R+3,79.65033189077958,23.841907647549,27.90421212161529,4
04,AZ,MajMin,9,15,0.012619848486697949,R+0,86.49728006209567,23.841907647549,31.327686207273334,6
04,AZ,Proportional,9,8,0.041291452106614585,R+0,72.89043089986896,23.841907647549,24.52426162615998,3
04,AZ,algorithmic-compact,9,18,0.1518110988580603,R+1,71.2291725193005,23.841907647549,23.693632435875752,2
04,AZ,current,9,15,0.1187801108554356,R+1,89.61773895150607,23.841907647549,32.88791565197853,8
06,CA,Compact,53,51,-0.018998610626303734,D+1,183.68360759782246,44.1175628286259,69.78302238459828,1
06,CA,Competitive,53,68,-0.03200377544836641,D+2,216.25136639460933,44.1175628286259,86.06690178299172,4
06,CA,Dem,53,80,-0.09202105447479636,D+5,227.53343671017024,44.1175628286259,91.70793694077217,5
06,CA,GOP,53,79,0.11998621933925094,R+6,234.67433652519034,44.1175628286259,95.27838684828222,6
06,CA,MajMin,53,68,-0.02313345963690932,D+1,211.65282392581716,44.1175628286259,83.76763054859563,3
06,CA,Proportional,53,79,0.11998621933925094,R+6,234.67433652519034,44.1175628286259,95.27838684828222,6
06,CA,algorithmic-compact,53,132,0.01702897219549677,R+1,211.3986527437719,44.1175628286259,83.640544957573,2
06,CA,current,53,67,-0.026391288707758278,D+1,243.77710793212736,44.1175628286259,99.82977255175074,8
08,CO,Compact,7,7,0.13738468346935645,R+1,62.8103581177883,22.019199256984,20.39557943040215,3
08,CO,Competitive,7,11,-0.15501512166481737,D+1,64.71200165365825,22.019199256984,21.346401198337126,5
08,CO,Dem,7,18,-0.23636719925020255,D+2,67.1833978591454,22.019199256984,22.582099301080703,6
08,CO,GOP,7,15,0.2857558817726211,R+2,62.643625116046366,22.019199256984,20.312212929531185,2
08,CO,MajMin,7,12,0.13777863241057384,R+1,63.09264096186505,22.019199256984,20.536720852440524,4
08,CO,Proportional,7,11,-0.03383727683108471,D+0,68.6523722413828,22.019199256984,23.316586492199406,7
08,CO,algorithmic-compact,7,28,-0.024735671859638507,D+0,59.816273915975785,22.019199256984,18.898537329495895,1
08,CO,current,7,11,-0.03383727683108471,D+0,68.6523722413828,22.019199256984,23.316586492199406,7
09,CT,Compact,5,4,-0.23524081474922195,D+1,14.47468463494952,6.69944478015438,3.8876199273975702,1
09,CT,Competitive,5,7,-0.23467657297496322,D+1,15.627336775464832,6.69944478015438,4.463945997655226,3
09,CT,Dem,5,9,-0.3408632905962188,D+2,17.864989327146542,6.69944478015438,5.582772273496081,5
09,CT,GOP,5,11,-0.11691105756109424,D+1,18.76508742694203,6.69944478015438,6.032821323393826,7
09,CT,MajMin,5,8,-0.24163586037609144,D+1,17.51403307378351,6.69944478015438,5.407294146814564,4
09,CT,Proportional,5,10,-0.01932362001223077,D+0,19.59864608174483,6.69944478015438,6.449600650795224,8
09,CT,algorithmic-compact,5,10,-0.23723366077303026,D+1,15.0714498913361,6.69944478015438,4.18600255559086,2
09,CT,current,5,10,-0.3408546333438143,D+2,18.13998544570705,6.69944478015438,5.720270332776336,6
10,DE,Compact,1,0,,,,,,
10,DE,Competitive,1,0,,,,,,
10,DE,Dem,1,0,,,,,,
10,DE,GOP,1,0,,,,,,
10,DE,MajMin,1,0,,,,,,
10,DE,Proportional,1,0,,,,,,
10,DE,algorithmic-compact,1,0,,,,,,
10,DE,current,1,0,,,,,,
12,FL,Compact,27,26,0.02839689485696976,R+1,109.58718371873834,43.635938759926,32.97562247940617,1
12,FL,Competitive,27,40,0.028537993610720198,R+1,125.50098757408965,43.635938759926,40.93252440708183,3
12,FL,Dem,27,60,-0.05031289546738022,D+1,141.0933928652843,43.635938759926,48.72872705267915,8
12,FL,GOP,27,43,0.21793611627997173,R+6,128.15426572070191,43.635938759926,42.259163480387954,6
12,FL,MajMin,27,42,0.05518854548485411,R+1,132.11245749842791,43.635938759926,44.238259369250954,7
12,FL,Proportional,27,32,0.048309865288401296,R+1,125.68020826330738,43.635938759926,41.022134751690686,4
12,FL,algorithmic-compact,27,71,0.08259776589899831,R+2,120.49820504472866,43.635938759926,38.431133142401336,2
12,FL,current,27,32,0.048309865288401296,R+1,125.68020826330738,43.635938759926,41.022134751690686,4
13,GA,Compact,14,11,0.13298642806961897,R+2,75.57624331044319,20.69751995049,27.439361679976592,1
13,GA,Competitive,14,22,0.09117687780851753,R+1,89.18118354989606,20.69751995049,34.24183179970303,5
13,GA,Dem,14,29,-0.13789610857330875,D+2,97.41698756546685,20.69751995049,38.359733807488425,8
13,GA,GOP,14,23,0.2222082707381603,R+3,84.32428383493759,20.69751995049,31.813381942223792,3
13,GA,MajMin,14,23,-0.0011507351011146617,D+0,90.61886485524657,20.69751995049,34.96067245237828,7
13,GA,Proportional,14,23,0.007534163994927496,R+0,86.23799466703231,20.69751995049,32.77023735827115,4
13,GA,algorithmic-compact,14,92,0.17120730901837494,R+2,82.16869166863198,20.69751995049,30.735585859070987,2
13,GA,current,14,22,0.14499595053965966,R+2,90.27576492484188,20.69751995049,34.78912248717594,6
15,HI,Compact,2,1,-0.10854784683302482,D+0,15.53626767163719,13.9226017829982,0.8068329443194955,4
15,HI,Competitive,2,1,-0.10866051243179507,D+0,14.7872036734823,13.9226017829982,0.43230094524204965,1
15,HI,Dem,2,1,-0.10854784683302482,D+0,15.53626767163719,13.9226017829982,0.8068329443194955,4
15,HI,GOP,2,1,-0.10866051243179507,D+0,14.7872036734823,13.9226017829982,0.43230094524204965,1
15,HI,MajMin,2,1,-0.10854784683302482,D+0,15.53626767163719,13.9226017829982,0.8068329443194955,4
15,HI,Proportional,2,1,-0.10866051243179507,D+0,14.7872036734823,13.9226017829982,0.43230094524204965,1
15,HI,algorithmic-compact,2,1,-0.10865934210199614,D+0,15.55133122282232,13.9226017829982,0.81436471991206,8
15,HI,current,2,1,-0.10854784683302482,D+0,15.53626767163719,13.9226017829982,0.8068329443194955,4
19,IA,Compact,4,0,0.10066638912168933,R+0,47.06878523777541,20.2465046324856,13.411140302644904,1
19,IA,Competitive,4,0,0.10066638912168933,R+0,47.06878523777541,20.2465046324856,13.411140302644904,1
19,IA,Dem,4,14,-0.02834239441182247,D+0,48.539275788430686,20.2465046324856,14.146385577972543,5
19,IA,GOP,4,7,-0.02750264560356941,D+0,49.27715026169275,20.2465046324856,14.515322814603577,7
19,IA,MajMin,4,19,0.10921294488571358,R+0,56.8389205160736,20.2465046324856,18.296207941794002,8
19,IA,Proportional,4,0,0.10066638912168933,R+0,47.06878523777541,20.2465046324856,13.411140302644904,1
19,IA,algorithmic-compact,4,28,-0.16118163240486938,D+1,48.583223405888575,20.2465046324856,14.168359386701487,6
19,IA,current,4,0,0.10066638912168933,R+0,47.06878523777541,20.2465046324856,13.411140302644904,1
16,ID,Compact,2,1,0.15269765491965787,R+0,46.0533479249761,30.5067212994207,7.7733133127777005,1
16,ID,Competitive,2,3,0.1526969775869103,R+0,62.0576305555948,30.5067212994207,15.775454628087049,6
16,ID,Dem,2,3,0.1526969775869103,R+0,62.0576305555948,30.5067212994207,15.775454628087049,6
16,ID,GOP,2,1,0.15269277054329533,R+0,49.255361717248704,30.5067212994207,9.374320208914002,2
16,ID,MajMin,2,3,0.1526983782148264,R+0,54.3115487486848,30.5067212994207,11.90241372463205,4
16,ID,Proportional,2,3,0.1526969775869103,R+0,62.0576305555948,30.5067212994207,15.775454628087049,6
16,ID,algorithmic-compact,2,12,0.1526936132845116,R+0,60.3972243968611,30.5067212994207,14.945251548720199,5
16,ID,current,2,1,0.15269277054329533,R+0,49.255361717248704,30.5067212994207,9.374320208914002,2
17,IL,Compact,18,16,0.0200166465717617,R+0,69.1863104784506,21.5683846872815,23.808962895584546,1
17,IL,Competitive,18,24,0.020011190105054377,R+0,78.51854872789613,21.5683846872815,28.475082020307315,3
17,IL,Dem,18,42,-0.08462308727228843,D+2,99.2465562075816,21.5683846872815,38.839085760150056,7
17,IL,GOP,18,26,0.1806131227149364,R+3,80.72469693265137,21.5683846872815,29.578156122684934,5
17,IL,MajMin,18,29,0.05391933289527458,R+1,75.6557935501722,21.5683846872815,27.043704431445352,2
17,IL,Proportional,18,24,0.020011190105054377,R+0,78.51854872789613,21.5683846872815,28.475082020307315,3
17,IL,algorithmic-compact,18,69,0.10892910502080624,R+2,81.1766514913667,21.5683846872815,29.8041334020426,6
17,IL,current,18,39,0.05851221680099146,R+1,102.0938712193813,21.5683846872815,40.262743266049895,8
18,IN,Compact,9,8,0.12669882517143521,R+1,49.307712496791815,17.2041484543905,16.05178202120066,1
18,IN,Competitive,9,13,0.23612009008347845,R+2,53.84673964158374,17.2041484543905,18.32129559359662,5
18,IN,Dem,9,13,0.021039661407346054,R+0,59.83574452422366,17.2041484543905,21.31579803491658,7
18,IN,GOP,9,17,0.346720035318395,R+3,60.416594552178594,17.2041484543905,21.606223048894048,8
18,IN,MajMin,9,17,0.18729750554445046,R+2,58.54890974026834,17.2041484543905,20.672380642938922,6
18,IN,Proportional,9,8,-0.04418798744203611,D+0,51.74999937152923,17.2041484543905,17.272925458569365,3
18,IN,algorithmic-compact,9,48,0.10676805585870082,R+1,53.00824183960977,17.2041484543905,17.902046692609634,4
18,IN,current,9,9,0.1359688096971025,R+1,50.35554633742347,17.2041484543905,16.575698941516485,2
20,KS,Compact,4,5,0.13261313888307352,R+1,38.04328917595408,21.4055389572632,8.31887510934544,1
20,KS,Competitive,4,6,0.13261372642513217,R+1,46.64235599776561,21.4055389572632,12.618408520251206,6
20,KS,Dem,4,5,0.020087609510783113,R+0,43.77821076626194,21.4055389572632,11.186335904499371,3
20,KS,GOP,4,5,0.2784845269556748,R+1,47.59609619688116,21.4055389572632,13.095278619808981,7
20,KS,MajMin,4,12,0.06516005313148587,R+0,52.38244333552724,21.4055389572632,15.48845218913202,8
20,KS,Proportional,4,3,0.004087002557025525,R+0,40.266779037428016,21.4055389572632,9.430620040082408,2
20,KS,algorithmic-compact,4,22,0.13398117239739263,R+1,43.99880033700413,21.4055389572632,11.296630689870463,4
20,KS,current,4,3,0.1331987722643413,R+1,46.12729814274819,21.4055389572632,12.360879592742494,5
21,KY,Compact,6,4,0.04832782655294018,R+0,53.954651116942884,22.4186241584289,15.768013479256991,3
21,KY,Competitive,6,7,0.06188880983010034,R+0,53.84118872723736,22.4186241584289,15.711282284404229,2
21,KY,Dem,6,21,0.04831445539852397,R+0,71.79029978819646,22.4186241584289,24.685837814883783,8
21,KY,GOP,6,6,0.22787083124749727,R+1,56.34706999550575,22.4186241584289,16.964222918538425,4
21,KY,MajMin,6,9,0.06292419470837371,R+0,58.708389456191824,22.4186241584289,18.144882648881463,5
21,KY,Proportional,6,19,-0.11721476768315706,D+1,60.56570097571726,22.4186241584289,19.073538408644183,6
21,KY,algorithmic-compact,6,35,0.046150699408349226,R+0,53.05751013259289,22.4186241584289,15.319442987081993,1
21,KY,current,6,6,0.04820480287442162,R+0,67.11133855332555,22.4186241584289,22.346357197448327,7
22,LA,Compact,6,6,0.14659297856618225,R+1,70.88214556064206,38.804575176512,16.038785192065028,1
22,LA,Competitive,6,14,-0.016251554312567886,D+0,75.48637933699874,38.804575176512,18.340902080243367,2
22,LA,Dem,6,14,-0.01864322836344086,D+0,81.88685204520064,38.804575176512,21.54113843434432,3
22,LA,GOP,6,16,0.14340819384059056,R+1,93.6745544328254,38.804575176512,27.4349896281567,7
22,LA,MajMin,6,14,-0.01864322836344086,D+0,81.88685204520064,38.804575176512,21.54113843434432,3
22,LA,Proportional,6,14,-0.01864322836344086,D+0,81.88685204520064,38.804575176512,21.54113843434432,3
22,LA,algorithmic-compact,6,36,0.1363315787914886,R+1,87.8523443299812,38.804575176512,24.523884576734595,6
22,LA,current,6,16,0.14340819384059056,R+1,93.6745544328254,38.804575176512,27.4349896281567,7
25,MA,Compact,9,8,-0.23559269638140878,D+2,55.39953107677505,17.6297312470912,18.884899914841924,4
25,MA,Competitive,9,18,-0.23559289322863414,D+2,56.34463814296309,17.6297312470912,19.357453447935946,6
25,MA,Dem,9,13,-0.23559290217365136,D+2,55.03651048674156,17.6297312470912,18.70338961982518,3
25,MA,GOP,9,18,-0.23559289322863414,D+2,56.34463814296309,17.6297312470912,19.357453447935946,6
25,MA,MajMin,9,21,-0.23555731139140174,D+2,38.638128626230205,17.6297312470912,10.504198689569503,1
25,MA,Proportional,9,19,-0.11025967296650369,D+1,69.16579438821071,17.6297312470912,25.768031570559756,8
25,MA,algorithmic-compact,9,23,-0.2355998087934848,D+2,56.1223396535468,17.6297312470912,19.2463042032278,5
25,MA,current,9,21,-0.23555731139140174,D+2,38.638128626230205,17.6297312470912,10.504198689569503,1
24,MD,Compact,8,7,0.09550793557814069,R+1,64.74684549912276,54.5523184481963,5.097263525463227,1
24,MD,Competitive,8,11,-0.10412923978547706,D+1,67.71285462780695,54.5523184481963,6.5802680898053225,3
24,MD,Dem,8,21,-0.22663067468948578,D+2,73.90588891066365,54.5523184481963,9.676785231233673,7
24,MD,GOP,8,18,0.29745526831544367,R+2,69.45051931063406,54.5523184481963,7.449100431218881,5
24,MD,MajMin,8,16,0.30091135779808176,R+2,69.65685704442659,54.5523184481963,7.552269298115142,6
24,MD,Proportional,8,7,0.09550793557814069,R+1,64.74684549912276,54.5523184481963,5.097263525463227,1
24,MD,algorithmic-compact,8,22,0.028758312336745577,R+0,68.15949346616613,54.5523184481963,6.803587508984911,4
24,MD,current,8,16,-0.0948082672752836,D+1,85.0329236240251,54.5523184481963,15.2403025879144,8
23,ME,Compact,2,1,-0.16554785563401087,D+0,42.74146957459506,37.603475894288,2.5689968401535275,1
23,ME,Competitive,2,6,-0.4054364800413727,D+1,50.42560930649779,37.603475894288,6.411066706104894,6
23,ME,Dem,2,4,-0.16084517522877698,D+0,45.78158886450899,37.603475894288,4.089056485110493,3
23,ME,GOP,2,12,-0.15525186297252885,D+0,68.7719489510608,37.603475894288,15.584236528386402,7
23,ME,MajMin,2,12,-0.15525186297252885,D+0,68.7719489510608,37.603475894288,15.584236528386402,7
23,ME,Proportional,2,1,-0.1702513973261839,D+0,47.206618078686,37.603475894288,4.801571092198998,4
23,ME,algorithmic-compact,2,4,-0.16578655939327056,D+0,44.3201623647393,37.603475894288,3.35834323522565,2
23,ME,current,2,1,-0.1702513973261839,D+0,47.206618078686,37.603475894288,4.801571092198998,4
26,MI,Compact,14,13,0.12354290645492458,R+2,101.75802925218245,59.8009749171984,20.978527167492025,1
26,MI,Competitive,14,20,-0.06137038197337652,D+1,110.53669249839218,59.8009749171984,25.36785879059689,3
26,MI,Dem,14,41,-0.08394788415475345,D+1,125.6138290498854,59.8009749171984,32.9064270663435,8
26,MI,GOP,14,23,0.28615662985891904,R+4,112.4352431856944,59.8009749171984,26.317134134248,5
26,MI,MajMin,14,14,0.20473269226889995,R+3,114.1229107601474,59.8009749171984,27.1609679214745,6
26,MI,Proportional,14,19,0.05270369146287414,R+1,108.09834982907705,59.8009749171984,24.148687455939324,2
26,MI,algorithmic-compact,14,54,-0.05764950247371422,D+1,110.67627256434841,59.8009749171984,25.437648823575003,4
26,MI,current,14,14,0.20473269226889995,R+3,114.1229107601474,59.8009749171984,27.1609679214745,6
27,MN,Compact,8,8,0.03984717742595885,R+0,71.21942089796822,35.6250595285275,17.79718068472036,2
27,MN,Competitive,8,14,-0.024374875373631123,D+0,71.2068506689772,35.6250595285275,17.790895570224848,1
27,MN,Dem,8,20,-0.21700181052873246,D+2,71.32256076765515,35.6250595285275,17.848750619563823,3
27,MN,GOP,8,17,0.17833256962258565,R+1,72.63664273439836,35.6250595285275,18.50579160293543,5
27,MN,MajMin,8,13,0.03988512027787888,R+0,73.6932924315132,35.6250595285275,19.03411645149285,6
27,MN,Proportional,8,13,-0.09197920584822675,D+1,72.40260912463549,35.6250595285275,18.388774798053994,4
27,MN,algorithmic-compact,8,39,-0.0261955710523838,D+0,82.66860159368669,35.6250595285275,23.521771032579593,8
27,MN,current,8,12,-0.026625342784083517,D+0,76.41030995764424,35.6250595285275,20.39262521455837,7
29,MO,Compact,8,6,0.001222665930448709,R+0,60.02238825142097,24.7132958732237,17.654546189098635,3
29,MO,Competitive,8,10,0.02589116128239616,R+0,67.86942839993695,24.7132958732237,21.578066263356625,6
29,MO,Dem,8,8,-0.03994376958185677,D+0,59.292131631466766,24.7132958732237,17.289417879121533,1
29,MO,GOP,8,8,0.23073559497886015,R+2,65.39602156638037,24.7132958732237,20.341362846578335,4
29,MO,MajMin,8,9,0.11093881404561762,R+1,73.8534092629064,24.7132958732237,24.570056694841348,7
29,MO,Proportional,8,8,-0.03994376958185677,D+0,59.292131631466766,24.7132958732237,17.289417879121533,1
29,MO,algorithmic-compact,8,42,0.10441162627719852,R+1,66.1470857495447,24.7132958732237,20.7168949381605,5
29,MO,current,8,9,0.11093881404561762,R+1,73.8534092629064,24.7132958732237,24.570056694841348,7
28,MS,Compact,4,3,0.09806668048834,R+0,46.16826346643278,24.60952011785,10.779371674291388,1
28,MS,Competitive,4,12,-0.14658812982017846,D+1,59.064139739227606,24.60952011785,17.2273098106888,5
28,MS,Dem,4,15,-0.14957212052876476,D+1,65.7239546487001,24.60952011785,20.557217265425052,7
28,MS,GOP,4,4,0.09988972612395637,R+0,53.22804445225112,24.60952011785,14.30926216720056,3
28,MS,MajMin,4,15,-0.14957212052876476,D+1,65.7239546487001,24.60952011785,20.557217265425052,7
28,MS,Proportional,4,12,-0.14658812982017846,D+1,59.064139739227606,24.60952011785,17.2273098106888,5
28,MS,algorithmic-compact,4,22,0.09559080046215289,R+0,51.23767180151282,24.60952011785,13.314075841831409,2
28,MS,current,4,4,0.09988972612395637,R+0,53.22804445225112,24.60952011785,14.30926216720056,3
30,MT,Compact,1,0,,,,,,
30,MT,Competitive,1,0,,,,,,
30,MT,Dem,1,0,,,,,,
30,MT,GOP,1,0,,,,,,
30,MT,MajMin,1,0,,,,,,
30,MT,Proportional,1,0,,,,,,
30,MT,algorithmic-compact,1,0,,,,,,
30,MT,current,1,0,,,,,,
37,NC,Compact,13,11,0.06661117308273923,R+1,88.36270976314802,41.2633223665636,23.54969369829221,1
37,NC,Competitive,13,19,-0.08590281569930668,D+1,103.26917329141662,41.2633223665636,31.00292546242651,4
37,NC,Dem,13,33,-0.1584170442357067,D+2,116.27407598642648,41.2633223665636,37.50537680993144,8
37,NC,GOP,13,36,0.23714746873410253,R+3,113.0197025411708,41.2633223665636,35.8781900873036,6
37,NC,MajMin,13,41,0.09163897419848457,R+1,116.1907649402519,41.2633223665636,37.46372128684415,7
37,NC,Proportional,13,12,-0.0007093717138802048,D+0,90.94078244957035,41.2633223665636,24.838730041503375,2
37,NC,algorithmic-compact,13,56,-0.012208812894080066,D+0,91.63690656246713,41.2633223665636,25.186792097951766,3
37,NC,current,13,13,0.22919857392945114,R+3,107.66799191349959,41.2633223665636,33.202334773467996,5
38,ND,Compact,1,0,,,,,,
38,ND,Competitive,1,0,,,,,,
38,ND,Dem,1,0,,,,,,
38,ND,GOP,1,0,,,,,,
38,ND,MajMin,1,0,,,,,,
38,ND,Proportional,1,0,,,,,,
38,ND,algorithmic-compact,1,0,,,,,,
38,ND,current,1,0,,,,,,
31,NE,Compact,3,1,0.25323385029974277,R+1,34.639899682829096,24.1940176763813,5.222941003223898,1
31,NE,Competitive,3,1,0.25323385029974277,R+1,34.639899682829096,24.1940176763813,5.222941003223898,1
31,NE,Dem,3,4,-0.04416148853298145,D+0,38.59220521636938,24.1940176763813,7.19909376999404,5
31,NE,GOP,3,1,0.2532346721658952,R+1,44.717862533988594,24.1940176763813,10.261922428803647,8
31,NE,MajMin,3,5,0.25323396530014075,R+1,36.08347311932375,24.1940176763813,5.944727721471224,4
31,NE,Proportional,3,4,-0.04416148853298145,D+0,38.59220521636938,24.1940176763813,7.19909376999404,5
31,NE,algorithmic-compact,3,11,0.25323385029974277,R+1,35.44263196569915,24.1940176763813,5.624307144658925,3
31,NE,current,3,3,0.25323435128236105,R+1,39.0670009521191,24.1940176763813,7.436491637868901,7
33,NH,Compact,2,1,0.031958225895957836,R+0,14.052574816047711,9.52798255128187,2.2622961323829207,1
33,NH,Competitive,2,5,-0.21580313621945318,D+0,19.40562205883217,9.52798255128187,4.9388197537751495,3
33,NH,Dem,2,5,0.03412153589570486,R+0,20.75160745202996,9.52798255128187,5.611812450374044,7
33,NH,GOP,2,5,0.03412153589570486,R+0,20.75160745202996,9.52798255128187,5.611812450374044,7
33,NH,MajMin,2,7,-0.21274726723118667,D+0,20.61863623160293,9.52798255128187,5.545326840160531,6
33,NH,Proportional,2,5,-0.21580313621945318,D+0,19.40562205883217,9.52798255128187,4.9388197537751495,3
33,NH,algorithmic-compact,2,4,0.03052280839526101,R+0,14.745826180412099,9.52798255128187,2.6089218145651145,2
33,NH,current,2,5,-0.21580313621945318,D+0,19.40562205883217,9.52798255128187,4.9388197537751495,3
34,NJ,Compact,12,11,-0.019970760712497936,D+0,26.89529500140752,8.80957420919117,9.042860396108175,2
34,NJ,Competitive,12,22,-0.11421773268630321,D+1,29.48634301605393,8.80957420919117,10.33838440343138,4
34,NJ,Dem,12,26,-0.14918347699613954,D+2,32.260305902456565,8.80957420919117,11.725365846632698,6
34,NJ,GOP,12,37,0.22162519373754666,R+3,40.965426649885835,8.80957420919117,16.077926220347333,8
34,NJ,MajMin,12,27,0.024016066759519564,R+0,29.131961915621456,8.80957420919117,10.161193853215142,3
34,NJ,Proportional,12,22,0.0789523257439371,R+1,29.91713363165253,8.80957420919117,10.553779711230678,5
34,NJ,algorithmic-compact,12,32,-0.024137220000072884,D+0,26.13965472293779,8.80957420919117,8.665040256873311,1
34,NJ,current,12,25,0.07985167511380545,R+1,35.529159093893085,8.80957420919117,13.359792442350958,7
35,NM,Compact,3,2,-0.10742473127692242,D+0,42.88426924623663,23.6785405781265,9.602864334055063,1
35,NM,Competitive,3,3,-0.10964990056859286,D+0,50.84650427338522,23.6785405781265,13.58398184762936,3
35,NM,Dem,3,2,-0.10855357286734156,D+0,45.63054942430025,23.6785405781265,10.976004423086874,2
35,NM,GOP,3,7,0.2567871103840186,R+1,69.10502189215009,23.6785405781265,22.713240657011795,8
35,NM,MajMin,3,7,-0.10225105595812228,D+0,59.6909205409963,23.6785405781265,18.0061899814349,7
35,NM,Proportional,3,7,-0.10270304942929127,D+0,51.35144460701363,23.6785405781265,13.836452014443566,4
35,NM,algorithmic-compact,3,11,-0.10837148929935678,D+0,58.889404804666654,23.6785405781265,17.605432113270076,6
35,NM,current,3,7,-0.10270304942929127,D+0,51.35144460701363,23.6785405781265,13.836452014443566,4
32,NV,Compact,4,3,-0.026442087017734414,D+0,43.869681828362516,23.8180424637005,10.025819682331008,3
32,NV,Competitive,4,5,-0.1664267444345205,D+1,48.779693078933875,23.8180424637005,12.480825307616687,7
32,NV,Dem,4,8,-0.1555351064629702,D+1,49.76797202976774,23.8180424637005,12.97496478303362,8
32,NV,GOP,4,3,0.14743522582691002,R+1,47.39922084036469,23.8180424637005,11.790589188332095,5
32,NV,MajMin,4,3,0.14276523635452146,R+1,44.61096234920408,23.8180424637005,10.39645994275179,4
32,NV,Proportional,4,3,-0.020914434467820472,D+0,42.64615166284934,23.8180424637005,9.41405459957442,1
32,NV,algorithmic-compact,4,7,-0.03186757632894268,D+0,47.81025332669568,23.8180424637005,11.99610543149759,6
32,NV,current,4,3,-0.020914434467820472,D+0,42.64615166284934,23.8180424637005,9.41405459957442,1
36,NY,Compact,27,26,-0.0024899885812054504,D+0,81.6023310440839,30.9649051453743,25.318712949354797,1
36,NY,Competitive,27,33,-0.01760015218389311,D+0,86.44131998370038,30.9649051453743,27.73820741916304,5
36,NY,Dem,27,44,-0.030570233247598846,D+1,91.21072598955564,30.9649051453743,30.12291042209067,7
36,NY,GOP,27,61,0.20334174309836703,R+5,105.77591133301321,30.9649051453743,37.405503093819455,8
36,NY,MajMin,27,40,0.04447645073786959,R+1,88.56541932871053,30.9649051453743,28.800257091668115,6
36,NY,Proportional,27,27,-0.0024900109193526365,D+0,82.04542474209451,30.9649051453743,25.540259798360104,2
36,NY,algorithmic-compact,27,79,-0.06158556166196927,D+2,84.5486766448538,30.9649051453743,26.79188574973975,3
36,NY,current,27,36,-0.0004637549110458328,D+0,85.29946085716794,30.9649051453743,27.16727785589682,4
39,OH,Compact,16,15,0.05897872314348252,R+1,70.63501793844758,18.0672267385024,26.28389559997259,1
39,OH,Competitive,16,24,-0.04052856389712649,D+1,75.53397054504552,18.0672267385024,28.73337190327156,3
39,OH,Dem,16,38,-0.06140433579432775,D+1,84.61625914998214,18.0672267385024,33.27451620573987,5
39,OH,GOP,16,30,0.22885770817357748,R+4,90.72796616836555,18.0672267385024,36.33036971493158,7
39,OH,MajMin,16,31,0.06631136778028761,R+1,79.75292913945243,18.0672267385024,30.842851200475017,4
39,OH,Proportional,16,38,-0.06140433579432775,D+1,84.61625914998214,18.0672267385024,33.27451620573987,5
39,OH,algorithmic-compact,16,75,0.12100037356634644,R+2,73.83695488665326,18.0672267385024,27.88486407407543,2
39,OH,current,16,32,0.23718671777246897,R+4,111.59983905466738,18.0672267385024,46.76630615808249,8
40,OK,Compact,5,4,0.1392340612787824,R+1,56.5580235633823,27.2111117398704,14.67345591175595,1
40,OK,Competitive,5,4,0.13923405070286402,R+1,59.24016431418451,27.2111117398704,16.014526287157054,5
40,OK,Dem,5,13,-0.0387253904850115,D+0,60.976191597131,27.2111117398704,16.8825399286303,6
40,OK,GOP,5,4,0.13923433708038568,R+1,58.3720161976954,27.2111117398704,15.5804522289125,3
40,OK,MajMin,5,22,0.1392333632050084,R+1,72.6169502648449,27.2111117398704,22.70291926248725,8
40,OK,Proportional,5,13,-0.0387253904850115,D+0,60.976191597131,27.2111117398704,16.8825399286303,6
40,OK,algorithmic-compact,5,27,0.1392347677247519,R+1,57.53228253573034,27.2111117398704,15.16058539792997,2
40,OK,current,5,4,0.13923433708038568,R+1,58.3720161976954,27.2111117398704,15.5804522289125,3
41,OR,Compact,5,4,0.013501666074533599,R+0,53.35478687812754,25.960671782709,13.69705754770927,1
41,OR,Competitive,5,6,0.0124304555677394,R+0,53.59081017146304,25.960671782709,13.81506919437702,2
41,OR,Dem,5,10,-0.18055998983724694,D+1,61.02289826559213,25.960671782709,17.531113241441567,8
41,OR,GOP,5,8,0.2226454878575476,R+1,56.673387409938016,25.960671782709,15.356357813614508,6
41,OR,MajMin,5,6,0.01004838730379901,R+0,55.11971712346528,25.960671782709,14.57952267037814,4
41,OR,Proportional,5,6,0.0124304555677394,R+0,53.59081017146304,25.960671782709,13.81506919437702,2
41,OR,algorithmic-compact,5,15,0.01319166275771988,R+0,56.20808496704721,25.960671782709,15.123706592169107,5
41,OR,current,5,5,-0.17874605358249057,D+1,59.67304312486224,25.960671782709,16.85618567107662,7
42,PA,Compact,18,17,0.08578358839957698,R+2,71.29538825175318,17.3313099040976,26.98203917382779,1
42,PA,Competitive,18,40,-0.0558713038842829,D+1,84.85779947731801,17.3313099040976,33.7632447866102,5
42,PA,Dem,18,46,-0.022398601475384375,D+0,94.75337376760442,17.3313099040976,38.71103193175341,6
42,PA,GOP,18,30,0.20541513990383267,R+4,80.29519842561298,17.3313099040976,31.48194426075769,4
42,PA,MajMin,18,22,0.11861431401516416,R+2,75.17432370360022,17.3313099040976,28.92150689975131,2
42,PA,Proportional,18,46,-0.022398601475384375,D+0,94.75337376760442,17.3313099040976,38.71103193175341,6
42,PA,algorithmic-compact,18,72,0.1108102736775709,R+2,78.77558382431198,17.3313099040976,30.72213696010719,3
42,PA,current,18,39,0.17729027883734233,R+3,120.20391560963749,17.3313099040976,51.43630285276994,8
44,RI,Compact,2,1,-0.2774159924015949,D+1,6.79578014253139,5.81018960074091,0.4927952708952401,4
44,RI,Competitive,2,1,0.004875208329523706,R+0,6.67653064595827,5.81018960074091,0.43317052260867994,1
44,RI,Dem,2,1,-0.27741643335722976,D+1,6.88456668718046,5.81018960074091,0.5371885432197749,5
44,RI,GOP,2,1,0.004875208329523706,R+0,6.67653064595827,5.81018960074091,0.43317052260867994,1
44,RI,MajMin,2,1,-0.2774159924015949,D+1,7.17328869657456,5.81018960074091,0.6815495479168252,7
44,RI,Proportional,2,1,0.0044473419718459445,R+0,6.68139023133421,5.81018960074091,0.4356003152966501,3
44,RI,algorithmic-compact,2,2,-0.2774171377195352,D+1,8.02606501099184,5.81018960074091,1.1079377051254649,8
44,RI,current,2,1,-0.27741643335722976,D+1,6.88456668718046,5.81018960074091,0.5371885432197749,5
45,SC,Compact,7,6,0.08433675750840948,R+1,50.345548593698126,15.9258765486592,17.20983602251946,1
45,SC,Competitive,7,15,-0.05455521009343122,D+0,53.25318342012624,15.9258765486592,18.663653435733522,3
45,SC,Dem,7,27,-0.0434581869306209,D+0,64.98811755726243,15.9258765486592,24.53112050430161,7
45,SC,GOP,7,12,0.23446961431475022,R+2,61.98659255498045,15.9258765486592,23.03035800316062,5
45,SC,MajMin,7,26,0.09793953543512202,R+1,74.78334057923668,15.9258765486592,29.428732015288738,8
45,SC,Proportional,7,15,-0.05455521009343122,D+0,53.25318342012624,15.9258765486592,18.663653435733522,3
45,SC,algorithmic-compact,7,32,0.2327763633010541,R+2,50.41447257106325,15.9258765486592,17.244298011202027,2
45,SC,current,7,12,0.23446961431475022,R+2,61.98659255498045,15.9258765486592,23.03035800316062,5
46,SD,Compact,1,0,,,,,,
46,SD,Competitive,1,0,,,,,,
46,SD,Dem,1,0,,,,,,
46,SD,GOP,1,0,,,,,,
46,SD,MajMin,1,0,,,,,,
46,SD,Proportional,1,0,,,,,,
46,SD,algorithmic-compact,1,0,,,,,,
46,SD,current,1,0,,,,,,
47,TN,Compact,9,7,0.042065439901130486,R+0,57.83434664766615,22.3742798538307,17.730033396917726,1
47,TN,Competitive,9,9,0.0322575041911551,R+0,68.88234009085419,22.3742798538307,23.254030118511743,3
47,TN,Dem,9,17,0.034594466208951236,R+0,79.20920066470742,22.3742798538307,28.417460405438362,8
47,TN,GOP,9,9,0.1617051772977733,R+1,69.14272281023766,22.3742798538307,23.38422147820348,4
47,TN,MajMin,9,8,0.051815303897426834,R+0,76.87468974380594,22.3742798538307,27.250204944987622,6
47,TN,Proportional,9,17,-0.053282068322777855,D+0,72.92298052021326,22.3742798538307,25.27435033319128,5
47,TN,algorithmic-compact,9,40,0.1582913637789449,R+1,62.225317032058705,22.3742798538307,19.925518589114002,2
47,TN,current,9,8,0.051815303897426834,R+0,76.87468974380594,22.3742798538307,27.250204944987622,6
48,TX,Compact,36,35,0.04670956148843502,R+2,233.9011154637976,71.9765922260966,80.9622616188505,1
48,TX,Competitive,36,69,0.019259065149812404,R+1,274.13755378561865,71.9765922260966,101.08048077976102,5
48,TX,Dem,36,74,-0.11204852270749825,D+4,290.8803426737292,71.9765922260966,109.4518752238163,6
48,TX,GOP,36,53,0.1575719721221805,R+6,269.00623856954957,71.9765922260966,98.51482317172648,4
48,TX,MajMin,36,61,-0.04159734558861808,D+1,296.05824232710745,71.9765922260966,112.04082505050542,7
48,TX,Proportional,36,52,0.01541520645309206,R+1,262.68804611304995,71.9765922260966,95.35572694347667,3
48,TX,algorithmic-compact,36,163,0.03196763601931366,R+1,254.43858488737467,71.9765922260966,91.23099633063904,2
48,TX,current,36,55,0.10082819758190799,R+4,320.2118716941793,71.9765922260966,124.11763973404135,8
49,UT,Compact,4,4,0.005365392051810218,R+0,45.673340050713136,20.0014651878101,12.835937431451518,3
49,UT,Competitive,4,4,0.005365392051810218,R+0,45.673340050713136,20.0014651878101,12.835937431451518,3
49,UT,Dem,4,4,0.003373476662655221,R+0,46.39455884912794,20.0014651878101,13.196546830658919,5
49,UT,GOP,4,6,0.12825659161891534,R+1,60.127240159124554,20.0014651878101,20.062887485657228,7
49,UT,MajMin,4,3,0.011747077297083281,R+0,44.97845353166068,20.0014651878101,12.488494171925291,1
49,UT,Proportional,4,4,0.003373476662655221,R+0,46.39455884912794,20.0014651878101,13.196546830658919,5
49,UT,algorithmic-compact,4,13,0.0031669102945941483,R+0,45.435195084404455,20.0014651878101,12.716864948297177,2
49,UT,current,4,6,0.12825659161891534,R+1,60.127240159124554,20.0014651878101,20.062887485657228,7
51,VA,Compact,11,10,0.0929841436340981,R+1,69.28664742420516,33.8949584297402,17.69584449723248,1
51,VA,Competitive,11,20,-0.09513757639537074,D+1,83.77774558782805,33.8949584297402,24.941393579043925,6
51,VA,Dem,11,21,-0.09180200559212612,D+1,79.43771847744762,33.8949584297402,22.77138002385371,4
51,VA,GOP,11,28,0.28153622205718887,R+3,86.84991014579012,33.8949584297402,26.47747585802496,7
51,VA,MajMin,11,17,0.09249570834598714,R+1,81.20871953837032,33.8949584297402,23.65688055431506,5
51,VA,Proportional,11,14,-0.00530834149719522,D+0,72.87267529713134,33.8949584297402,19.48885843369557,2
51,VA,algorithmic-compact,11,66,-0.14551336330747489,D+2,78.6632940598986,33.8949584297402,22.384167815079202,3
51,VA,current,11,16,0.136630104764227,R+2,88.57807279235705,33.8949584297402,27.341557181308424,8
50,VT,Compact,1,0,,,,,,
50,VT,Competitive,1,0,,,,,,
50,VT,Dem,1,0,,,,,,
50,VT,GOP,1,0,,,,,,
50,VT,MajMin,1,0,,,,,,
50,VT,Proportional,1,0,,,,,,
50,VT,algorithmic-compact,1,0,,,,,,
50,VT,current,1,0,,,,,,
53,WA,Compact,10,10,-0.06096909607675716,D+1,91.13715706018426,47.9614452866523,21.587855886765983,1
53,WA,Competitive,10,14,-0.06126726321046561,D+1,98.34057162385115,47.9614452866523,25.189563168599424,5
53,WA,Dem,10,17,-0.10729376015195152,D+1,102.84303972671954,47.9614452866523,27.44079722003362,6
53,WA,GOP,10,15,0.0889979436326548,R+1,96.94549673754673,47.9614452866523,24.492025725447217,3
53,WA,MajMin,10,11,-0.061174218631637356,D+1,93.2572552043042,47.9614452866523,22.64790495882595,2
53,WA,Proportional,10,14,-0.06210783488327572,D+1,106.26105513245754,47.9614452866523,29.14980492290262,7
53,WA,algorithmic-compact,10,36,-0.06174880331967353,D+1,97.37123700365062,47.9614452866523,24.70489585849916,4
53,WA,current,10,14,-0.06210783488327572,D+1,106.26105513245754,47.9614452866523,29.14980492290262,7
55,WI,Compact,8,8,0.09855425122629514,R+1,61.8669440932932,28.4318618446105,16.717541124341352,1
55,WI,Competitive,8,14,-0.02663661475086438,D+0,63.0129056305435,28.4318618446105,17.290521892966503,2
55,WI,Dem,8,21,-0.15373747771341356,D+1,65.84702745007169,28.4318618446105,18.7075828027306,5
55,WI,GOP,8,15,0.16237282629368271,R+1,67.38130850645831,28.4318618446105,19.474723330923908,6
55,WI,MajMin,8,10,0.16414501705141515,R+1,63.55810681207207,28.4318618446105,17.563122483730787,3
55,WI,Proportional,8,11,0.09603656506911656,R+1,64.4503673343523,28.4318618446105,18.0092527448709,4
55,WI,algorithmic-compact,8,40,0.0986959084036988,R+1,69.86440366370954,28.4318618446105,20.71627090954952,7
55,WI,current,8,15,0.22245696339727306,R+2,78.39900266032754,28.4318618446105,24.983570407858522,8
54,WV,Compact,3,2,0.14164781166297277,R+0,34.00727594735944,20.1796643958483,6.91380577575557,1
54,WV,Competitive,3,21,0.14164846522430316,R+0,57.1647179391596,20.1796643958483,18.49252677165565,5
54,WV,Dem,3,21,0.14164846522430316,R+0,57.1647179391596,20.1796643958483,18.49252677165565,5
54,WV,GOP,3,0,0.1416676337550518,R+0,42.3340523007474,20.1796643958483,11.077193952449552,3
54,WV,MajMin,3,21,0.14164846522430316,R+0,57.1647179391596,20.1796643958483,18.49252677165565,5
54,WV,Proportional,3,21,0.14164846522430316,R+0,57.1647179391596,20.1796643958483,18.49252677165565,5
54,WV,algorithmic-compact,3,16,0.14164884030683061,R+0,38.79179428038289,20.1796643958483,9.306064942267295,2
54,WV,current,3,0,0.1416676337550518,R+0,42.3340523007474,20.1796643958483,11.077193952449552,3
56,WY,Compact,1,0,,,,,,
56,WY,Competitive,1,0,,,,,,
56,WY,Dem,1,0,,,,,,
56,WY,GOP,1,0,,,,,,
56,WY,MajMin,1,0,,,,,,
56,WY,Proportional,1,0,,,,,,
56,WY,algorithmic-compact,1,0,,,,,,
56,WY,current,1,0,,,,,,
